Criterion,Sub-criterion,gtp-4-1-nano-ft
Adherence,N/A,3.59
Kindness_and_Gentleness,N/A,4.25
Interfaith_Sensitivity,Respect_and_Handling_Objections,2.96
Interfaith_Sensitivity,Objection_Acknowledgement,1.92
Interfaith_Sensitivity,Evangelism,1.94
Interfaith_Sensitivity,Gospel_Boldness,3.08
Arabic_Accuracy,Grammar_and_Syntax,3.53
Arabic_Accuracy,Theological_Nuance,3.1
Arabic_Accuracy,Contextual_Clarity,3.73
Arabic_Accuracy,Consistency_of_Terms,3.87
Arabic_Accuracy,Arabic_Purity,3.8
